questions,cal,eq,choice
eeb3754e8130cac914b5f033fa17bec5,True,False,eq
e421cdf4b3bb43e6aebf088a07a46c2b,True,True,eq
1dc21ad97e80706d5b9808d29ff11418,True,True,eq
29e2b4c84094588975d90679a2b779f9,False,False,eq
601fc96ec84c24aacd15ab9defa744a8,True,True,cal
444047a4062a832310d3f754ff053bfa,False,True,eq
e2eeb08353de558529f2c3364259484f,True,True,eq
966fd8e7cf0bee57f1c2fa763f9cbabb,False,False,cal
2fc48072baf42fca7fa5e28c6ba54d3d,True,True,cal
672b1d59b1e6e59756254bd340ffa383,True,True,eq
ff435109f470f773695054b5c33fdc6a,True,True,eq
a4c244cdf8f98712f95a84a4ab079856,True,False,eq
0dd758d1e7460ebcc77b29c30058a722,True,True,eq
824bf76a1383ccd08ab999406618f59c,True,True,eq
117940e8ac4755de06d0f5f3cabeeb58,True,True,eq
f2f1b1b256d7aea5134805b9c02875d3,True,True,eq
46b28753f16a98fd613a5ec472d136a8,False,False,eq
f741146e3620c1fbdcc7eab9e6ff14f9,True,True,cal
f8b89fb5dccc4ccc15f05bb3b4eb439e,False,True,eq
cf27865ad40fc69a12da03125f3ed0e6,True,True,cal
d3998582eb21bab05b09c41c916d1aea,False,False,eq
5f9f134db73c11118dfedd268ea12b1b,True,True,eq
9c2af6ae183277866aac92129c7f803f,True,True,cal
2a5efb614a8fa4fdf78b816ba9c46ef2,True,True,cal
1911543970d95d896de3791d6ddbc084,True,True,cal
594722eb7a2503f7f85a11f4a0b8f573,True,True,eq
50ca535f4faaa8de0351c2c164ba04cc,True,True,cal
0382cc52ef971c15ab7d485ec1ee9a20,True,True,cal
ab07ae7f0dbcd8dc780102b72909561e,False,True,cal
cd624f25f154101d6a68021c51720283,True,True,cal
f8135a49a5dad250af4a66f50b7df210,True,True,cal
2daa30d2a2980d883ef5f22369e5f4ff,True,True,eq
4e5c5aadfe27568f4f17b42dfa1af7ab,True,True,eq
0730ade46de2e22c16bb6486b1f271ac,True,True,eq
00dfaf99db57a0d16489354f79eeae62,False,False,cal
3e7cf2e5012f754a1395f8695f807175,True,True,cal
9074857c68a662875d1867bf235446fd,True,True,eq
db1e69d0de31e9959c6700a79c2adf4c,True,True,cal
b3d7feb616c8ed907e1e847e6afd10d8,True,True,cal
d0015a6108cfa947fd02f638b54214a7,True,True,cal
ee9eafdbc7493cce9ec71422ee236592,False,True,cal
fa695d41baffeb7a72a3d182c4721f2c,True,True,eq
d37061dd44491c019cf65b89c92d89c1,False,False,eq
37b966df691e2f790a52f13eeeb20226,True,True,cal
ad06b3df82c187178759e4d97c9257d7,True,True,cal
4f2c5ece71d1acdbb59763a0da8f948a,True,True,eq
0ba58c702a2887e715b6b06a91a2dd5a,True,True,cal
ef3f05c2340e891a87638ff57e16eb10,True,True,cal
edc93f1e52665968473f86af7b6bb386,False,True,eq
e1238df4aef54988a7e1564e562fab44,True,True,cal
7ef9400e1c2ed66a7f12924b05d0f146,True,True,cal
b9b27afcdc89c87571690c1b9cbc7d31,True,True,cal
6a8ea465de2ff57ca9fda9148a902269,True,True,cal
78cd7db45118b824114bafbab01b0965,True,True,cal
15a784dc85bf92dc696b9d3fba6fcede,True,True,cal
9b11f95cb93d768eb6bebfb6efe400f7,True,True,cal
52cf41e6849eb7e5f5ceee1e28e056e4,True,True,eq
25a156927007772960a603f4146be72e,True,False,eq
3659acb4f53d03a287da530e118f9107,True,True,cal
1cc051449cf128d49b06fc60ea5050d5,True,True,cal
7961296b41c8271b44014ff6e99c7f01,True,True,cal
24328580d10247949bb958ad4e51f595,True,True,eq
bbc66ced40cd49ef1bf350adf492a8ae,True,True,cal
6329dbc569033d6ac52540743dac5e45,True,True,cal
b1cde708adcd1deeafe3068a2f3e4447,True,True,cal
086507bddf782f591666847b616b9429,True,True,cal
a8373a405e15eeb01eb8d51b154c787f,True,True,cal
e1b4257a48bf92f5221584887e440703,True,True,cal
81c9fbdaaaab8d27e18774d7b0f686fd,False,False,cal
f8d412757638bf9b0e519fb53a75e2f3,True,True,cal
7f3ccac6958fd0c767e7600a26593873,True,False,cal
904b51005ebc94c5e99ca14201f7e3ca,True,True,cal
2d2afdc65329422f5c49cee218ba228a,True,True,eq
a0c8e09c6a59893d1af3d9a84b5f95d1,True,True,eq
4f940cf25da5f67c7883b4d5625c388e,True,True,eq
d4f12eb29b9e1c5491d504afe5a16fd0,True,True,cal
2912a88ea8273c337045e7b4e570b454,False,False,eq
78fc87faeb5bcc3ad12917bb11150341,False,False,eq
ce108a352e709d338fa8417ddc609a4f,True,True,eq
b482e848704384a7ffa587cb674632fe,True,False,cal
b4928d950232cf370918da49455912cc,True,True,cal
4c9dd54eb8c4e7804a88fe86df90eb2c,False,True,cal
ae141ea0d2ecfeb14d817dd35649461e,True,False,eq
c3206fb6044ae7777c448efb3b47b6cd,True,True,cal
9a5c01dd59854f5839e5f5dc4864cb97,False,True,eq
7c69879f0466dd88fab760df33a4df5d,True,True,cal
88c49542e506625b5eb9456afc14eba8,True,True,cal
c77f60b4e0daf4cfd5b53cad1d581828,True,True,eq
31a70d3a5a7daa556479b549041a3246,True,False,cal
ed093dfbe166e32a90ac091494772265,True,True,cal
4c1033d51395cf31ffe10893f3fb85bb,True,True,eq
792dbe094bec77b52dfd4b95b683196e,True,True,eq
02354e9cf74ab5b8351dfff5f88d65ff,False,True,eq
cbc6287a004a22c406194b6ae0646c15,True,True,eq
dd5773edd7a3f6897fc5ed69823a57e8,True,True,cal
f8c1c219b2dcbfb0aa8a480e88f773eb,True,True,eq
f188cfc5ed03d918f99dcfc46a5a82db,True,True,eq
15742a05ccb381772dd6e31cf1ee4943,False,False,cal
b6a04087101e54097ee6bb6ac3d5aad3,True,False,eq
e7c3af1b7b8c70d244edac4d9c6e8968,True,True,cal
95b9b9c288404f5d837a587485870869,True,True,eq
666ace9cf44fa0778dbe4e1f829dd345,False,True,cal
66f90e5d30214894948f6b1f8d4fda68,True,True,eq
cebf2b40ed6a3ba96a5940282671c83c,True,False,eq
db89200d63c4b45d54f7053c4b2a233a,True,False,eq
dfacd72e053623455e4df9844a91fa43,True,True,eq
80816a1b66668930079285dedb935e40,True,True,eq
da05fd70b93084cb742724edeb16faad,True,True,eq
27a6fc3a301bc2ff0b94cf006bcb4800,True,True,eq
0d544638b843763f44e08491bd8f5f51,True,True,eq
ab5d37a1b26176537e85c9a31401d7d8,True,True,cal
fecdfbbdca648da2ff19218d630d3c7e,True,True,cal
eba213e044603d79e9d2ec9596cf1bb2,True,True,cal
0c0caf02d60d8515181b5d85c8adfb2b,True,True,eq
dee9b150300319eca246b6126a8ef9f4,False,True,eq
7990f5605f5176c4cc6d563c06bfc8a4,True,True,eq
1d635407b4e8eea41bb4896137b2f654,False,False,eq
4b58c8cb1f81b9522d9ca15ca5275888,True,True,cal
b4af462e4a4a5fcde0a43443745d34a9,True,True,cal
5ce1f67c67be3fd6392f8f68e4709c2b,True,False,eq
2cd04e022b23f934bb219b5d32427df8,True,True,cal
2ca4d42b3a7472640b27430f4433a768,True,True,cal
e98a7293d011a55b288bb4b2267d8860,True,True,cal
f6ea40eee2dde4422b6f15dcad60e536,True,True,cal
723f46290562b44d06da68b962ee44e0,True,True,cal
4eb2a61c8ca7f35b16732f86bb6607dd,True,True,eq
91fb7d3bc85d322076f16007cb52b1db,False,False,cal
d65be11ccd6058a08f60b65c8c9685ba,True,True,eq
ddac00c18c41434f4f688e32f4842fab,True,True,cal
ea463057407536e3f32c44755ea099c3,False,False,cal
593fd60a7a487fbb9dc8459601be482b,True,True,eq
ead1a4552ef3e0c5e1ca065f41c865f5,True,True,eq
4cbfce4d3155915c45e0c6ea16eecc67,False,False,eq
52448630ed0843b60223278a9f66ac1e,True,True,eq
cec3c980a0c95fdfa0779b2b0e90e6b8,True,True,cal
3b00c3279b0195e69253305cd15c1b28,True,False,eq
2d1cd6871dd7d08c817e0cd5e705ddef,True,True,cal
68ca38ccd78a599ab18aa411a791280e,True,True,cal
5047ff0291a709717fe89903976bb69f,True,False,cal
16d1d9c1157c46d2003afac80ea2edb7,True,True,eq
dd79feec7de13b506812516f61d2f728,True,True,eq
d8fc4f5cb7c08828bf4e9ffb704acb9c,True,True,cal
61a3158f47a887fbb94be8ae441839d2,False,True,cal
6a6e82d6c12a85b47c4fc6a26be96713,True,False,eq
2274060e266eb575c562c3edc445068f,True,True,cal
017ab7fe3358beb1f9ef463b95600262,True,True,cal
9ac5101fbb975a4f7409f384a9dbbc2d,True,True,cal
0ff5a58e520170ebd34c2c7102aeed3b,True,True,eq
3660d2dc3903d93dd2da0b4844972bf0,True,True,cal
481b3460d38dd84b6b79b496c5d6f12c,True,True,eq
30f241f5223ccad3f65212a62c697265,True,True,eq
3c42c75dcae8f67a97517b37d0f280d6,True,True,cal
e2b4fd0ea166b1c1286e9e59c9b9a141,True,True,eq
11ab27220371320713153f39fe8a649f,True,True,eq
8327db45f226df329a88c5b68b062d48,False,False,eq
eb6f11329bf9094a2975d8d4faff5a62,True,True,eq
eb80918d7a909371edc020b0148f8457,True,True,eq
6d62e281771dd0cec2a57a8855b64ac6,False,True,eq
f8c4ac742e6c9ce59588aed84eb0c7c3,True,True,cal
3a45e84a5abab2b6f3c7e5d2eb265c57,True,True,cal
39cd361fe4b428bcefab41a48559e5f9,True,True,eq
2a54010d34f4e388ae0fc7c8398602c9,True,True,cal
dbabb55b0345f9d78df210227e5956c7,True,True,eq
d57850c60d9eaeb9f5a95a0bfce82092,True,True,eq
57ad19656b9412d00b64d206f41a75fd,True,True,cal
9da34eb785a1521984cb13ddff49f28f,False,False,eq
6ee8c6f23e5e0e63e377d252301a91ad,True,True,eq
7ccfc20c34b1bc74b2a21de5ca77ccaf,True,True,cal
a08ee4c432ee26012cb0a1164172ccc8,True,True,cal
0b356e9ca190571c66b17965d4d6002e,True,True,cal
d26c3298f578910d92098f46bfb4fa9e,False,False,cal
dad6ddaa41cad7c2bfcdb9dd88062f3e,True,False,eq
13c3819e4aa4e956ae4219d1bedc5444,True,True,cal
46da2315ac80ceab74061c21498b9543,False,False,eq
439c710d8db254fe8b081de3a54f5f1c,True,True,cal
eee7d4fab8022a4ccaf73ac1ef32dd5d,False,False,eq
c6556f303c470b1bb3abd7677f59fcbd,True,False,cal
ba4e4e32786705a5d121e6a3f59d6ab4,True,True,eq
e741235523b7ec181676695aab48d298,True,True,cal
cdb9c556b1cb2bf0adc214497a5a5c0d,True,True,eq
3852894307e577217d7b6cc774ab936e,True,True,cal
9424c53bae189fd5752fc6cbfd016705,True,True,cal
3af37762adaf51acc1201dc4e2a42170,True,True,eq
c6c0ea8eab2a930d2cc249c86518a75f,True,True,eq
82b1b4e5feafc59434074c54c16bfe80,True,True,eq
bba9a6c4631ef0bcf60f197bc4220a42,True,True,eq
03c1391a155fbfe273eb53ea834c0f66,True,True,eq
4f9d9e5b2afe77e515358fd73f983d8e,True,True,eq
295935d4af86751e534bfb0e162ee23b,False,False,cal
7982af03073bf09491f1380c08df1ba7,True,False,cal
e28bf6d7f0a8538e7b72e6d4aa10beae,True,False,eq
e835493f788e6d0654ee4d33d946f03e,True,True,cal
4bed7dc6d18566810adff60d7035f581,False,False,eq
b22189842c6f9e91ff0cae17a544882a,True,True,eq
b42e029aafd0cdc72a87bde895ce0223,True,True,eq
fd836b996835479953b9d12d7b4e0339,True,True,cal
0f748bb71fac2fca6c2e44d4a16cf0d0,True,True,eq
dfd5c2387fe814f1f4f20fc93cc6e455,True,True,eq
2ea04e5c40768cd9adafe6ba3c59e666,True,True,cal
444aca41db45f7ecf63d9593aaacdbe4,False,True,cal
70da193319c64705ecc6fb6cdb0b39f1,True,True,cal
3f5aae9b3edd8872fc4699c032ad17a4,True,True,eq
42098f3e327b4350bbf2d63d8cc8a189,True,True,eq
73736f86fba13f3db0d595461da44100,True,True,eq
0350fcfc5328d4fb05f0d78a7a27e0f3,True,True,eq
4c5dbfc7149b356700b5e5502d784dc8,True,True,cal
f7a8d984e8c214217fd9574b9f394c90,True,True,cal
2e1e8c66f60758155d6f80ab789b2ca6,True,True,cal
ba8516f39fc330c22e70a6f8527cf8fc,False,True,cal
41d423fc6a57789de03f3a59f393f1ba,False,True,cal
ad4aaff7593b2de381f8ba1af265b569,True,True,eq
8ac64560d5a424e34096218fc3d0c3e3,False,True,eq
71b35eb2e8a62c410f6f680d3a332b9e,True,True,cal
0bb4ab6f578f4ccca4dbc76bf437e5b6,True,True,eq
f2b94aec9c0545907152959f2fa815b5,True,True,cal
e8b87cdc1be02f51c2865cf87c738670,True,True,eq
8a05fa5fb916783ec0ef756d0a518cf3,True,True,cal
d51a7ce266e488d104f127c8cb5fc12f,True,False,eq
990a69407168df383b81068faff3bf23,True,True,cal
95923c38336640d9a1374818efee3372,True,True,cal
23ce3387c5072f23259a3cac671da6ba,True,True,cal
4dc5f3798aae088bccf036efa91de1aa,True,True,cal
e011dddc30f70d39c46e4142393a5c14,False,True,eq
ea3d1ee8c9697e17d0b62c69bbeded0d,True,True,eq
9ebafbef8b37d232e66f5c3f7056c7a0,True,True,eq
5a8b4e771b0cff9e21c642d0e29482b5,False,False,eq
9243d970fa63a8b4ee9d83b14d591424,False,False,cal
36ad6232505713c4aeddfe90ee32150c,True,True,cal
83b0e74ccf2a509198e252ead7c0c338,True,True,cal
c6156101d4e472015ad296e8b9700c2a,True,True,cal
8df4e9f6354df132401a3cc66770eb44,True,True,cal
87a941dfddf0a9f15f55428073a73fee,True,True,cal
a94717e649ecac75fe7401e204172a1c,True,True,eq
9b35bb1f54e9bc0770b323fbf87f5e11,True,True,cal
9a66c902ff5b2972210f74019c6480c7,True,True,eq
995b6a082e42e11f6248d98fafb9b35f,True,True,eq
a87892568386e7fc972317e8b19da49a,True,True,cal
f9972ec09c9f8b5990d9c8e78912fa3c,True,True,cal
55c816accc76b0408fe2cdea892036f3,True,True,eq
4a2bd1eb42eb57af57f61874f5eaab80,False,False,eq
4e58a2e60e96dce9482633f3c0b608f0,True,True,cal
fb2e59e043b08dbad4517dd9e10c06b8,True,True,cal
12347c8eef273bdec62589a108469b6d,True,True,cal
daff5aebf0cb8ac200fe5a330ee4b3b4,True,True,eq
5fcf51246cea3839d097a5f5c2cdd624,False,False,eq
6e8647466625671832e1af7410c27330,True,True,eq
4089c39411b088498b27cc21a0f532d5,False,True,cal
3433f2043e0a8c30b42e27d504787999,True,True,eq
fa01fcbc5cb47bcdfecb8738da0dabcc,True,True,eq
d6a9c7df9c433d429182de13ceeea58a,True,False,cal
9702454563b215db4b8cd76cecff45bf,False,False,cal
94510cd37081b22391ea354e391728c9,True,True,cal
c47cdcc8a1b0259c0dfdc8096685a18a,True,True,eq
4692b02b56fb90ed68909702780f0e08,False,False,eq
214986e9a7ebef97ae512b699d0de729,True,True,cal
7c0673176a12d994d3c758fa207c82d2,True,True,eq
006adb3f2208921d1e0a249e43482364,False,False,eq
5d1355b724b7849d55a2ab44500bac7b,False,True,eq
cefe115664a53f80c9166a61aefee855,True,True,cal
872499592a033c0bd05d5b5fd99939aa,True,True,cal
75fc386a61d396093669b2c568bca804,True,True,eq
1144ceb086be49852b0351a28093ee81,True,True,cal
ac06370719428c6e1508d9eb4d1e86e8,True,True,cal
ba535694aed92848ee7ee5cf707840bc,False,False,eq
8b783618f6fbfb2a6353f5bb04204e4c,False,False,cal
62c0e60caea333d70cd5cb0ffedcd5eb,True,False,eq
4a67d2180e54bbe843d2f48be56256ea,True,True,cal
a1320fed263ebea8c6cd4cd7e94d9833,True,True,cal
aed183689f4c61056a053a5e35d4d407,True,True,cal
95a907402e56c7704ccf436bd4d2edcb,True,True,cal
3d90b8dac5763822959b30579a60d38e,True,True,eq
492b5f3302da9e5dbb329801234f7e97,True,True,cal
81382d63c66aae55fc360babe6291585,True,True,cal
aa9c9e5d11f2a32627e076e4461e2689,True,True,cal
9aa2823311e4b8ace5141903ed52bec0,True,True,cal
4022936cd27c01070da2e2dccf0a45d7,True,True,cal
4696bf3cc6bb1a170b2ee36b1f403948,True,True,eq
d0e201317dd0f94dd3f1a7538702df8a,True,True,cal
798defad8d67e07fc7d6ad92cae8d0b5,True,True,eq
379b897683365165da059315e94badd2,True,True,cal
614fc2de433e60244d3e77387ff0669c,True,True,eq
50ab31ae22a82bd64edd5f286591ff42,False,False,eq
1a34cdd052d2fe320cba38202c2a82b5,True,True,cal
218934ade2a0f866a8997760a9a45cab,False,False,cal
4ca94e811de118050e4846f58e45cf3d,True,True,eq
065b085df59a542df316f084294d5c2b,True,True,eq
026589e97621b33d741fca28adf069e9,True,True,cal
cb983341d72c233f4ce426e3cdf69776,True,True,cal
ae910c04f41287b763f89727fbdcb7ed,True,True,cal
667c3d7d513592d6ba6d842cd4a08842,True,True,cal
75be5f5e95e002126af51cc60c54e9e1,True,True,eq
dd70ba433ec46abc0d73862400395174,True,True,cal
c3a933ea87a82c04eed9047242d1ca1f,True,True,eq
82e0943a1c7ee5d0636c3b25f3e1922b,True,True,eq
5b145007dfb86d0821b62468ab75e91e,True,True,cal
d5e8a4c4ed7435e85e366dd18be4c525,True,True,cal
9ca16ce28805a2997a6a1409c9b40d86,True,False,eq
ed6a1adf127df39239c112ff772d22a3,False,False,eq
d582ef3fc3c4f43f5010744d85139162,True,True,cal
7d0a8b8aea0513e6d005d4203e95fd92,True,False,eq
3bb0a936244dadddb1311c6e054bf008,True,True,eq
dcf2e2d13b0a7e1b7b38407791962019,True,True,cal
b325799bc061ee83ab2521d27f8fa484,True,True,eq
d00a618493114f56ba5d933aabfaa218,True,True,cal
15f742c3f793222c52bce65ac1ca0aca,True,True,eq
dc18aa763c64d69f045ac82c9c1f6935,True,True,cal
2e9a1932d84482e9e2be5788644fef53,True,True,cal
79ae26f31d80ee5335851b14c3b7f2f5,True,True,eq
d94b156a1fe1bcda98ff7328aa521499,True,True,cal
b034c6de12d8078af4cd2e7d9bba3f04,True,True,cal
b821b3ad03a06602c5b7cbf108fc4a9a,False,False,eq
5d8768f4375bff2a0cf67d34b167d1d4,False,False,eq
4be311bc7c049c87300de6dcefe1fa78,True,True,cal
289490b32e517129f76f0847fcd84ef8,True,True,cal
364a3f154905e42101b2b9433821ea47,False,False,eq
f16807b95e4434a07cd421c52dc81d6d,True,True,eq
13c95a58a83deec33a3e764148aca1e9,True,True,cal
3555b7b808ca710868f69e605a514ec7,True,True,cal
53218a4e67e329d220454e8b85e57f4a,True,True,eq
394fd26bb3ff3aa3dfcc302e9b8378b9,False,False,eq
07912f399cd29de7691aa0fa6dcdcf5e,True,True,eq
cc7c0c938787dfbcdfdbc2ccf913cae9,False,True,eq
8ddc86911a40db091ab40fa8f53f4ffe,True,False,cal
7bd70c60b4bdecea51508b72db2744ea,False,False,eq
142e876d6ea997746b1f210a895603b7,True,True,cal
788cf446fc7b2a9899aacac1508b0963,True,True,eq
30325c7b4fec075df0a9954c68eb6797,False,True,cal
1a8c60760364e08deec75984a5a85961,True,True,cal
19504b90e97c82a811cb57273eadd14e,True,True,cal
6504d34f3ee41e6e5bf76e3c0b1a9b68,True,True,cal
15dfa3503574a825b093a5dcfe61fc5d,True,False,cal
3b5096cce4a7326dcad3d9f01cde3039,True,True,cal
391a72c3e32fa5bb3ac0a7ac1dd01ef6,True,True,eq
2b93c3c6b7252e0022034356779bb602,True,True,cal
614f1d646d6b31e7939ba0d4bb17a2f4,True,False,cal
fbae6c3cd77a84d4785bbfa4135d5ef8,False,False,eq
7f07d690fd872e783c907e44c74c923e,True,True,cal
deddbe63d495b34d30ff48a1e6a7689b,True,True,eq
bbaebccb059f79f0b808b863ac464860,True,True,cal
bce1944764e0e22436bdaca83f4e9bfd,False,False,eq
f3104c2c676b6a8c51aa915e8d9bd22c,True,True,eq
a487eeec4bd30c30c6660b729ec351bf,False,True,cal
bf2ae52bda1a7dbdeb872d20ebc13b29,False,True,cal
f9b3150ed03379c83205151e41dd6729,True,True,cal
17cff8fff500580fe9c3b92811745c4e,True,True,cal
7c912f7e324f0cb86376b7b0ae26b339,True,True,eq
e4173ff1992e46c3798acf116eff06c3,True,True,cal
b583a5f362b3850a2098abc6918e7fa5,True,True,cal
bde01cc919816b890b683f116e016c56,True,True,eq
bfe96b934ef43f56377610fa4e439600,True,True,eq
4133eca9447e2a0feffd15e43def9cbc,True,True,cal
8108dd6d0dfe34b4d0158ba18b4b2fee,True,True,eq
6e53f5e2a9c5e9b21232304f5d06834c,True,True,cal
a7774babdf190e6de95678cb3564df06,True,True,eq
af4412f15bdfee01b4f6cf024c75ead7,True,True,eq
5738556fd613faad1d50c4e82f471899,True,True,cal
a2d8333faefb8436d2c28124e2a0b5a2,False,True,eq
357dff39bdaa880cfaf72cb4dced79c0,True,True,eq
66166d31eda577b56d65f1a012cb1300,True,True,eq
fa15313097882de3d7ffc156883b90b3,True,True,eq
41438c94f77a2f605cf025a80f3a41b2,True,True,eq
6b6fd2c7c87890a40c70d031f1598dd0,False,True,cal
7f3af0022aba4ced4baf18f8dd811064,True,True,cal
3a9207e24fcd1c51b170ab2ba9313212,False,False,eq
0583e5551f237f6d7a7471de7885c09e,True,True,eq
8dd1ff284ac12d7afb0361f179307647,False,True,cal
20659e72001fa926764dcb01eab61038,True,True,eq
0ce2a08a36bcf9d3800967f296455759,True,True,eq
6edef9634014d64e1d1f318f8129f3dd,False,False,cal
81b70df4752edeb3a0d14a4660913737,True,True,eq
3caafda91f193dc9b48f600610586dc7,True,True,cal
1f9034b01b8bff3f86edae97cd1879db,True,True,eq
2f41a60435d982752a58b691136d6e2c,True,False,eq
49fb7e0ab051cd585a43ff78aa475f40,True,True,cal
b2f21ac518aed43f90f2c69796ff5174,True,True,cal
7cbf83db906f854912906cc0f7416d5a,True,True,cal
06675454504377e9307700af4f4369f5,True,True,cal
d889e2fc481027658b314248209e819a,True,True,cal
39d60a5b25e923d97e943bb29aa671d8,True,True,eq
00216cccc4903335a39fd615bb5eb334,True,True,eq
947e3e6741a407f6dbae42fc17e3540e,True,True,eq
f8a54d4677cb13d046e305d085672f28,True,True,eq
f697e5fda727d55c62e795e8a284326b,True,True,eq
d703e3857aa213881839baf3513c3ae9,True,True,eq
6b3ba2227178de34f1776d172ea2cc67,True,True,eq
83e09dfd193a5619b0061b0f8c50e533,True,True,cal
750bbfebf37f1baef7bd2b0ca1bfacf2,True,True,cal
6fd945bbf3a5f9364ce78927464decbd,True,False,eq
0f874c94c07bd77b2d632ddecea487d7,True,True,cal
e6da1d05377830c866ff3328fc440db0,True,True,eq
06527e9bbb92abe2b062a3d3a25fb464,True,True,eq
3431f6d93094fc0fed3ad26c1de80d1c,True,True,cal
b0a061cf975134cc07c4510649782815,True,True,eq
6454cf4703212b35a48f55dba919a08a,True,True,eq
af1d224cacc2c434c4def1b0e4e07609,False,False,cal
5cad5f3ac772e05791e29f4ab6ca171e,True,True,eq
3de9bb09d566520a30eec2e3bdfdfe52,True,True,cal
0cc7d85f89b80f491223f6acda4930bb,True,True,cal
781e1963c711e7acaa52b2f915e0a6c5,True,True,eq
c1de83e14f6c302da5bbbc217c8bc4ae,True,True,eq
521ca36dbe07e05c3bc477cdf60a079c,True,True,eq
1942935e19dc8e163b5f548493afdb8e,True,True,cal
1a8dd87368624d5b3bd5a7c94487dec2,True,False,cal
e16df4faedeb54cf18a636706ff5bae6,True,True,cal
46e51fa3fea673e21eeb8ee251e7bb7a,True,True,eq
db8288286aca76c33491c6a0106aab46,True,True,eq
f62b41f594fa7869f79ac957103a81f4,True,True,eq
280d80b613f1d02d14918c6fee1c7b5d,True,True,cal
8a756e4d1fa3a060a19650242643f794,True,True,cal
999db15a45cafeed7cfed940204bfecf,True,True,eq
571c3bfe66e3062223917dfd06f7ae91,True,True,cal
89fb4c913f1be73f2492ae5a5622b0f7,True,False,eq
0d7902a114a0cb24c34e93844057bc6f,True,True,cal
53400a73a0695594fca3f73404209f2d,True,True,cal
2a24e98ba73c910beffe16ad8bec6e1d,True,True,eq
95385565928da32a822de46336f54790,True,True,cal
1469dbc2b5ea9849ef65d4d0948d7dc6,True,True,eq
8845a256ab68e47553b2a31c8730e62d,True,True,cal
34ed1404a5f8e3d81b6c5769ccc04656,True,True,cal
38e7e25c8f54fe569ec096885a5367df,True,True,cal
7fc79d68511b739d22bf7e8399b233d7,True,True,eq
ec2b1220279239003100503161c4528c,True,True,cal
a22f7deb6c5e37a2d96bead840feec5e,True,True,cal
a90fc5213aa982146f06164109813951,True,False,eq
200249b9126f17cd574380a4d8b6e7ec,True,True,eq
e21bc54ba74d648483aab67d2748bc66,True,True,cal
45dcc0ccb1368e4f0ad0b8d66c1ed952,True,True,cal
4cce0e59a83e93213b6aed1a1bb50e3a,True,True,cal
406f4a531bedd0ea7b9ef0c6f16f88d5,True,True,cal
308e024ad103166cda89d7b289f766e7,False,True,eq
58964e3f896523e61ee324ee02e09877,True,True,eq
b7e15c2eaea4a98def9405babb628ddd,False,False,eq
d9098f711f60365e3f5e4c51b2e0f187,True,True,cal
6eaf502d40a9de8bcc4005e12d6ef1e4,True,True,eq
4a67d71caff93db136f4b47340f9bbd9,True,True,eq
0a35d9cf76e899f39244fdf1434a8747,True,True,eq
cfdc3a55cf067fa5f0df4926cbb86876,True,True,cal
1f648e3bbb333500a89f340dd6b8b1c7,True,True,cal
379fe3755e19ec15d2efc236d64b818f,True,True,cal
e93553af931f5ddb36e92958a2f831a5,True,True,cal
efad775a9b0166b7157d410d5ec9f674,True,True,cal
62ece37dfaf178aa627e73448f6517c4,True,True,eq
339c16d144658a48de29d104f23b2fb8,True,True,cal
6940fe705ab8e09ee2fb68ab290dd042,True,False,cal
6b9836a40017b6394db6701b811b6eb4,True,True,eq
a07cd1ad64cf0a55d8492652d75c8112,False,True,eq
c48e5be1610aecca964e156302b25400,True,True,cal
30b4540c8a3e83c2dcd2760ac1a9b71b,False,True,eq
648b9ca102884ab2f7d00990f86b1a7b,True,False,eq
efc31497ba4aa64d3fd2034b2d1d6582,True,True,eq
59637c824bbae74869816571d4c9f01d,False,False,cal
68665271b2c101a9e6765887365cadfa,True,True,eq
c515af15d7e2c264bce2c9bca7cc1579,True,True,cal
b90dc8946252a1ff7c0922c101bc140d,True,True,eq
0d820ba190e483721044b05be11cd0a4,True,True,cal
7ec1950c9b4750622eaf3cea9e5f708d,True,True,eq
2f093e6310735b94fe3b7b20c04bc49a,True,True,cal
41de176d9c027757780ec7809cf6958d,False,False,cal
0cfa7395751437d64abf912fd2341573,True,True,eq
b46c78851502aec5c86c8cee6b881751,True,True,cal
e0384ad258af13c0b130995bf83f686c,True,True,cal
2026f43e2a30f54e4699a29efacb755e,False,True,cal
8209b463cb5dace8524b5f7f63ba2c2e,True,False,cal
3d40400674a82ca7bfadb274fa945345,True,True,eq
61573afaf11ea51fe64f90fc03b2a248,True,True,cal
1186799de5b03edea97e4ebd9add0c4e,True,True,eq
093ce03ea33ba98d18af68b12a76d745,True,True,eq
59d31a3cb973f50a412c70b25382ad9f,True,True,cal
51eec558532badd6af2bf608959cadb1,False,True,eq
829fdd79464c6a20d943abd0c9b3f132,True,True,eq
c26251d8f560a15cc11d8551eca03e07,True,True,eq
be35d77d835a496c44ee78de0da73c54,True,True,cal
3ccaaa237f10f94c5d3e23c99e967c1d,True,True,cal
e952cf64b0f826c085fa898cdf5382d4,True,True,cal
5d45924a51f75c8f613657dfbe55ca7d,True,True,cal
8e9ae2db64cc407684dfd7b211c84d7a,True,True,eq
9bbac1f2b7636c420885277feb5ec57f,True,True,cal
9cc8dab3784809eca5864cd580b50d97,False,False,cal
7d915911ba726257d65d3ecec771c932,True,True,eq
47c882d5feedd5212e831cd27c90f6b6,True,True,eq
f42032bfcdca5b182a074187fb095dc8,True,True,eq
16f44e182efef8845ff0b493b6a3bb38,True,True,cal
6e94cb4d3d55efe59355784f59dbe4b4,True,True,cal
b10642a6f7033d60fe6721971bed0934,True,True,cal
ff359c516b55b61f120c6db02f348487,False,False,cal
977d3b7c193ccb1f92f7501c09493ad1,True,True,cal
e2d260e06a83eaae5e922cd23ab09de5,True,True,eq
0be241066ad67d000dbb6403136ca643,True,False,eq
b8f40ba6a790af2a5d1b069dd3fb69fe,True,True,cal
2833ef69bc080004f177b8feab15f55a,False,False,eq
568ffab7d2be0c6cac7bab77cf835152,True,True,eq
d701e9a5cea6e2dbcf3332f2bc4acb71,True,True,eq
9a5c4eb7705c36601642a3991962e30a,True,True,cal
80762b2b7f606792b2b8f8ed8c555cf9,True,False,eq
338bbdb6faffaf1348cb25c31d6c5259,True,True,cal
8dfc936fa3d0be40d4885477ff879aad,True,True,eq
21073ea888a45a7352b467ddd407c426,True,False,cal
c9fba9481823313e65fcd72d1bc90640,True,True,eq
15305994a673508a32261e22bc94335a,True,True,cal
206f8e807b75ceea59ce9819101efb64,True,True,cal
5926017ca5cee445a104cc10b695c04e,True,True,eq
73ae75ec17919759610f7d508d7fe6c2,True,True,cal
4596c037af1ac7552e3c60c5e71f2b09,True,True,eq
46706d5e1416f1d81c1a17623294e3b7,True,True,cal
b930a832fc3f6bdaaf5f347c8f3aaab8,True,True,eq
bef33c266fc3f5f2b3e3a111980159a8,True,True,eq
5988b0ea98b17db01be7065184c6dabe,False,True,cal
d7130d6990a96c8f152ab77ccc0ceb69,True,True,cal
a6bb6f3bb03daebdd4679048826e875e,True,True,cal
2e40592a1ba71477af06a719c6165b4f,False,False,eq
0f092e8ea3ad4f05bcc12e833cd23fc1,True,True,eq
d4da1f0c11babbe672efc5c0b136daf4,True,True,cal
f87364cfe7856b39953a313739c5af62,True,True,cal
af9e71eef2cc73a02ff01c7f0b929f41,True,True,cal
3030398e5693dcacdfcab97af91307dc,True,True,cal
ea112782157af0018ac3a17697555e03,False,True,cal
6bc9e7f7451fa09ca024e3959a21d901,True,True,eq
fdb3b736703ad93b6114bfa6e81b5fa8,True,True,cal
4741c81a553ece5744d6a6c016c23177,True,True,cal
4985653c79e240c245c4bf24963f1c14,True,False,eq
4cca29bcd7d4f0850b84de91345cc441,True,True,eq
2bc1c247170684ef9de9af34a79577a6,True,True,eq
28852f70e26ae82863e6b359d67c1d6c,True,True,cal
92df1ff56b1bd61065888395bdc4c3c6,False,False,cal
4985587d4668ad1fea5035e18a096a6b,False,False,eq
a8479e939e091d1ad013480e91f641f5,True,True,cal
59aa7bb2d79c293adc1749f80efb4ffc,True,True,cal
25c6f37d064bef29cafcb1dbc466a157,True,True,eq
a3e35a3025e5bff8258affffcc1a11dc,True,True,eq
7727f6666fcc85d131e32b42aa6d710c,True,True,eq
f6f959ba743ceb373b92c1252ea15f65,True,True,cal
8cf17a58bc1398ec1b0882de90b199fe,True,True,eq
6ba8f1aef4138e091ab9f02633ced5b7,True,True,eq
0f9929606d2e13300fcc0012f1735856,True,True,eq
d99653bd8340116cd0cde6fcf669d83c,True,True,eq
8b6fd89f68854293676e6638e3dc8a5c,True,True,eq
ff700df6687d201453bad54d0307025e,False,False,cal
89f86ff31995328cb4f037595eb6060e,True,True,eq
00edc4b94eba24dbc0c9a1886d54e933,False,False,eq
5444dda8caaf8387d581f76856ae6117,True,True,eq
3509cf17a43861a2a10ea43a873bad8d,True,True,eq
7a584a851c32b26fd69528c547a77645,True,True,eq
225b8899f9bd25bb8805dd7a2a807f9d,True,True,cal
092404d29b1d28ac12366f3279298be1,True,True,cal
118d0b20ad179de6050b5670b42507e0,True,True,eq
053c73fb871e1f29c56c0d29052c3595,True,True,cal
65c961d52e2f6d89d74b8a3d642c62b7,True,False,eq
4515a519ca990ea0ea39eb150d84067f,True,True,cal
bc9fae990dc1df343f0cc8d333241ab6,True,True,eq
c588a4d41a54c2d280694618b20781c0,True,True,eq
85a8f1d49b42a3fcbb3da17bbb6e496a,True,True,cal
4c2a8b75b3ead11fdc06fcc620b1adf4,False,True,cal
670e53e8282defad2dd03c47bc1e9860,True,True,eq
1d67692804aa49465834426537e2a2f8,True,True,eq
9e6e2db5e1236d3ceb7c68f0ac89e944,True,True,cal
67f020836b86813da66870c5e73a23ae,True,True,eq
295f054a7e6f6403b5fed39160583d74,True,True,eq
03b80d7d28c4dc521476a394a0a4f4a2,True,True,eq
f3ae62b60d4e1d2832b8b729d2b7975e,False,True,eq
20d8be5d895112e5025b297c20181978,True,False,cal
1fb00a9ef438cc3873d73a77336d1cca,True,True,eq
e557029063761ac3b6c93d663447eddb,True,True,cal
c592cfc2050dd84cc85e49d60e98c1a1,True,True,cal
17a527ae0da87a208b28d7fd350da8e5,True,True,cal
d7b5d393a7b662a4c4fe3ef7efe38356,True,True,cal
77f83df6f086fc44171965ca885756d3,True,True,eq
9184ad107c399dc635e55f6bfc8e8eee,True,True,eq
b529180aeb7c1643053c656c09f03df4,False,False,cal
afc607acb1c5dcfc2149e1d6f9d51362,True,True,eq
5d9356e1a6f36ab9ed88f10cdae59011,True,True,eq
7c2a9259690ba776556a700cd37989dd,False,False,cal
df4df4f80e9b2e37901692d99ef3a7ec,True,True,eq
9780246391f17592616d156ad8f49242,True,False,cal
a678ccbbec75520a3ff469ee5aa2ec00,True,True,cal
4eac1e50bfec039facc46e6274d13b23,True,False,cal
209e9a820cd1f08b7572df7ac2374362,True,True,eq
3ac700da220724ae815cc724c72ad527,True,True,cal
45af3dd36a27c7c7282fb462a920ec68,True,True,cal
670b917bc10e47b4225cf6607ed3f0a3,True,True,eq
1f8bc38eb1d5e0ff4742a9d8d35c41f6,True,False,cal
7d09fbd6930de8fe9dcd4ff936c0b1f1,True,True,cal
affd3b1f6547ff83be48cbd8c8aaa31d,False,False,eq
f92734a6ab42f01ce7e75ba072479079,True,True,eq
47355fed58b0ae183084eaf2686b20ef,True,True,eq
2ebcd82a4dcb8d372a8e3055da962ea0,True,True,cal
05fc98aea8e7c965de9749442e3d69a9,True,True,eq
6cee29d80ef1818b97b98e68fa72b1bd,True,True,eq
102b75be82061dab4dae36cbab7b3450,True,True,eq
9c4ee1a9ab1ea939ed511ea4f92d59ac,True,False,eq
5f7b5b1f708f07b8e9d24f775876f96f,True,True,cal
ca807dffb2b624946e33b7c3b1e2f95e,True,True,eq
6cac204e64dba763eb446a3826255d9f,False,False,eq
3cb06995d0898b65f85b1d5f6181279d,True,True,eq
fd8b622cfa54fb08d31745e58a20ca8e,True,True,eq
2b55d23a76c4f8b071445d6f3409f4b1,False,True,eq
6d56213c27cd98fc6f4f8665cadf1613,True,True,cal
90ad8f111d47f9caf46b631da03f5f59,False,False,cal
58a194de06c458a88d150542c9426768,True,True,cal
4122b3603bf739010e8aea87edec0f6f,True,True,cal
7192f15fbeefa6aa67639e02a4bf72fc,True,True,eq
cc8d9b10d53177ec3c211afd53ef0853,True,True,cal
b50608a73bccecc2ebdaa6d00bf4add9,True,True,eq
d2f00403a0f1e0b56d05fd26c5fa96db,False,False,eq
f2168449964b3517816c4a60ee5eb02f,True,True,cal
07efcb8c324d9a229ed9b6b610c58f17,False,True,cal
2de10ef7a83394a514dfd90aac48c437,True,True,eq
367cd29bc97fc86524f879cdb5fbf5d1,False,False,cal
ac887a621603c74ba4a9674aa9458940,True,True,cal
43068d6604da785e8b5dfa4b0cab1820,True,True,cal
f50ef2d77ceb777795559b6336429fc0,False,False,cal
ba6aeb8aba9699933dcd03da74616d70,True,False,cal
333aec22c0460f60bad898d2324abbda,True,True,eq
7c5e7dd9d51df517c17851b017242549,True,True,eq
e2f9752d608a23de713809385878816c,True,True,cal
c964ecdc293008fca336385b9d42900f,True,False,eq
294eb7f20922e86f52f02245df9ab5d6,True,True,cal
7ea9b4fbe12774bf27c30d02c7b0934a,True,True,cal
0be8934ae5ade2acd5b8ea5fd37d42c3,True,True,eq
3fc6de90542de9be86314d4f2a8e5cb5,True,True,eq
a0ee180de0b6b29f5351f5efb280f059,True,True,eq
9bb6aca69e6e3a6674350dbab92bc8f1,True,True,cal
14d0d7a2bd8157ca26fd77fcf9654dbb,True,True,eq
e8b28e1bc5f900d08e7c677a89fffff9,True,True,eq
281ee20c18cf5d269a3fb9a32c262ab8,True,True,cal
c265498a57a5494aed556da81200ba03,True,True,eq
7c44a435a829d9525f1867c6682032c4,True,True,cal
d97d0757f3a17fdfe69011064ff71fea,True,False,eq
8939717d9c0d0e08293e38823d1f1f7f,True,True,eq
d8fb0e1261e1dd5f202bc5ecf7e650f4,True,False,cal
8b033fcf47b01c6d1bacf2410fe33696,True,True,eq
f76c3961adf700ce89bd2406adf0091a,False,False,eq
9328284bd147d3581ace590348e20747,True,True,cal
fcec1e439892d6e1e5e7f1c52972b7f7,False,False,eq
11e80a75a3009b6b7706ab740ed6d0bc,True,True,cal
ef099da5f97093f3045ac1cf1a042966,True,True,cal
ce8ba448cfaa71a946210e6d8b8c898a,True,True,cal
a11b95ef60c6dea82a19cedad117abb3,True,True,eq
7e968e6bda6d98aa22bad8bffbbb281c,True,True,cal
011489e9a1760e8c132a7d4d917c7c43,True,True,eq
fbf147fb1a4499792c39e6557a70ac8e,True,True,eq
9ab267ebb3828167f0a66aaea94ca74b,True,True,cal
40e9dec693a9401fd70a3814f3d9ceff,False,True,eq
19af10d23eea82142b18ec0e05b1e5ec,True,True,eq
bba221cdc8e77b999b53d0a4396a601d,True,True,cal
5462889a6f483db2cb31dc1624ad262a,True,True,eq
7f1af28c2bc9fcf12a7394bcbf80023f,True,True,eq
15c36a9b98ec730ce97370b7abb82b15,True,True,eq
427e283991353f86fa54d390cb8fb82e,False,False,eq
e161584472e3217e26be31d4a7e4cf9a,False,False,eq
fb070ae27869b2a2a3fb8e0ddb6d2a09,True,True,cal
05df8822b0659598424ee0673f95ffbd,True,True,eq
e16dfcca227fee52337228f75dd0010c,True,True,cal
ae38a6e79850a6eda02a15bf1ac035e8,True,True,eq
9d72f70ed58290ddf8066fffa2d6d12d,True,True,eq
ab49e8e3097213227b4e176d666e4d8f,True,True,cal
98b9e69a13b304547a94b328528c058c,True,True,eq
63e5fc8e4a26aa2401da60e3200dab68,True,True,eq
174fe21dedc6bc93113e569c0710db87,True,True,cal
6cc421879bd67f9aeadbf0a1d33e7127,True,True,eq
10c8abbb93a49a2d14fa7c502e5e18b5,True,True,eq
9cc546e534700f2c162e4b2d6f5e5a92,True,True,cal
9cd890a281490c1ff5efe13d1deb0d00,True,True,eq
ac841b8dc8a517c74d0358a93bdf8263,True,True,eq
84e7e88358c66520d065e18b196b7a64,True,True,eq
17b624ff42ec7d806e0ddc56d8137ee4,True,True,eq
1a72eb027c9d8d62a826bec0ed2add24,True,True,eq
c16f00284b01b9b404b178b402214e20,True,True,cal
30ae78d299365d102c032507053db0cd,True,True,eq
d19756a8713c64699b0baa6db106cfde,True,True,eq
86162817b84857ebb13c0a7c0487b2c7,True,True,cal
afb70ba9f293e17a8b99de05221fac9c,False,False,cal
ae68f2a1d218ffa8a025e8383f615748,False,True,cal
7556192705669b43374ec3037c412b4b,True,False,cal
ec2177c47057dc1d53d8dbe2a50ebcf8,True,True,eq
a122461136eb3bc1db4a4a68e5a98d3c,True,True,cal
0fcfc0d8f5aca60fcedf67e5d180eba2,False,True,eq
a4eb47339010e823dbcd38f0b2f362fc,True,True,cal
af8fa9d2b7cb9d772c704a16de09e6eb,True,False,cal
1749306ccd2e4bbd32dffdfa7a2f244c,True,True,eq
d4dd6035da3601fdc59f6e6f6e22f44f,True,True,cal
26b4cebf5576cc7affc4e0e32a008dfa,True,True,eq
8bad4d094a707fdea1c47157dabb6a83,True,True,cal
fb607ba8d996c2af186fd068910534fa,False,False,eq
792a5bb3b16f0cdf314ca0ab877fa97e,False,True,cal
e8b9ef84d9c71ffb778dbdeb7cde709c,True,True,cal
0bc303fc68b72671567d6b2a4fffa98d,True,True,eq
e848f76e8f00ba8c8cf4ea1c5d2a28ee,True,False,cal
9984dc788cad27cf48ee2b3e5c4be04b,True,True,eq
52526b1060b1ebd86022c2fe9e4122b4,True,True,cal
f4c969c57cc0a7e450f883c92b4a0a78,False,True,cal
296c06d526134b0e313f8bbd8a5c88d4,True,True,cal
83a2fbd23fb766f6fd6a906e38b77b68,True,False,eq
52272123c6732efab182233d26d89c21,True,True,eq
fcff5fdc77baf9eaee75e4c72e0a7b88,True,False,eq
766e442cfbe26a4542ab2ebc807fb13a,True,True,eq
46bf2ea4082b38a18fa1764337d594fd,True,True,eq
771d077d95354a17a71413532249a52d,True,True,cal
ee37311cfbc7d148f011123d8ff9e477,True,True,cal
61d6f37ebb2345e22c9757c763d5ec53,True,True,eq
3651417b163f276f15c29d11ae98b275,False,True,eq
85dd0d16bcc62fd10073b432808ea609,True,True,cal
79748eb58ab67f3dbc9464b5e674c4df,True,True,cal
e5f6ab62a73c8b7cc95032487175d1f7,True,True,cal
f97045cda5ce8817d5d11f354651e4bc,True,True,cal
ce22ff202f68630b137db981a9e72d68,True,True,cal
efabe89677929ea14ac827d6d1b7248f,True,True,cal
6191255a5348c912fb02b746ce08b848,True,True,cal
921603ef94ceaa94aaff8995c40649ec,True,True,cal
2650883c6694463c85ec9362ae5023a0,True,True,eq
9e816de5e231b05815aab3eb0b6235e5,False,True,eq
241b5629d7db817aea74904db90de8bf,True,True,cal
ab2faa8ddeaaac79d438dc3713a528e3,True,False,eq
f0b26f2a2fa28687bb1702d2872cd15e,True,True,cal
814a9e9fce90f9437a25ebb16f7653a6,True,True,cal
7aaec6200761488c2057a2c0c450ea55,True,True,eq
679e72bff691f483f62bcf943a6d22b9,True,True,eq
9481dbe1d154ef9e735b92050b5fa36c,True,True,eq
e2f89e1c33bda512800df23040e3ab9e,True,True,cal
01e3a61c908375b2590eb9165abe3c99,False,True,cal
e72a41b4d6ab76d02831c894ad97cc98,True,True,eq
8b6b0b17c17c36584de5e67aab7c8ba4,True,True,cal
5ba271d3ee298d06fb23348dac0f062c,True,True,cal
d4c66124f7c12c2b46458d0bfbcb0612,True,True,eq
f8a223543807ef8bdbbed0a7bf39091a,True,True,eq
99b2559231dae8f9f2dc7ef2704daca6,True,True,cal
29b509eec9010796d0af89a6c49acfa2,True,True,eq
56764a50dff1a9febc6e216158fe8e3c,True,True,eq
7556ccd0b5ea0a074ec8b43723e0490b,True,True,eq
77161999b276c7b5f5ce5cbf5ea2fed2,False,True,eq
e7179514d09e85ed8ff5990a7de328b8,False,True,eq
d7ccfbd42d8029d7b09b98c41b13d63a,True,True,cal
22a90d1a74d9faf15ce08e7d688105ae,False,False,eq
36fda8694cd53005568c95839e2b6fb3,True,True,cal
8c0a02b1680ceb5a5a02409da02dd844,True,True,eq
290c0cf6b0c6bce19354a7c640726a1e,False,False,eq
b92ae5c7ec4afe1ff349f3f51f134918,True,True,cal
2db732ebe65ad73f8ca9610612ed80af,False,True,eq
99594a69729e2977fc96e69c29120bd8,False,True,eq
34c9e473dda97cde39b09d1f248103f8,True,True,cal
b19ce6390b15e376e49b57554e3e8023,True,True,eq
905574c0cad77dc03a6b4398c2aaf15f,True,True,cal
9c51ec0c6fd0db0156e1e73ceec70ee3,True,True,cal
cad8df8e7d53107caf8779df88fbad85,False,False,eq
b262a20e13228c9e166ce267a77b8a9d,True,True,eq
2d3ef464206711b47dea8efb3a1e6df9,False,False,eq
4e19485619df2788b26dc0ff06a0eaa5,True,True,cal
d221ea787d40a4b28825ea8a7fb59968,True,True,cal
4df4158102623c0a2c633545ccc12a05,True,True,eq
b00b9c90dc3fee7bade0d1400e3481fa,True,True,cal
3d3132f25ee1f645dfb383eb0f1e7244,True,True,cal
8c18622e1750f17c0902c33c73ae2839,True,True,eq
15d1cfa7ee8712fccd2fdb5664a6141a,True,True,cal
4ef849fd550f2a9e8f5136018e36e8b4,True,False,eq
1741eb80131a6863c98d702a18f1f28d,False,True,cal
78eece9d791152654c1dcfd1e0077ee8,True,True,eq
990acbd00012feee8898e198fec9ff82,True,True,cal
535e71487165cdec2112c78ada5ea87f,True,True,cal
ad40cc43d3c02ea57935bbe3cb71f7a6,True,True,cal
8fd504f1087c0c7cafe692cd35173521,True,True,cal
7784d29bbd55462f529a18e89231a8d8,True,True,cal
9df9ebe691be177061a0d5dd6141481b,True,True,cal
f46ea1d65af6fa25a989a3560ade9113,True,True,cal
6b2d4fdcbbaff40337ddb8af52828b28,True,True,eq
90c90683aa4a850bc61bd3fd62e3163e,True,True,cal
2b22935585263d3e1f4b5e58a64ba17b,True,True,eq
6c6b901f002cea0a4952878b1b3ad7f7,True,True,cal
29b57ec2a76f232dfdcfcbfc7c54cf25,True,True,cal
7a03f6fb068436b449884c8b5df5eef9,True,True,cal
1a6f7ff96e95f9b5cb682623cac25f8d,True,True,eq
0cec171e006106cbda60d1b331f60392,True,True,cal
e20cfd241d7f02cf34f1017958106f5c,True,True,eq
682ae759b26e9c4295367425e2275d90,True,True,eq
6ba417b03298e02d3df95562e8c70e1f,True,True,eq
419207e85f34636d2eab944997feac68,False,True,cal
e63362dba914f2f49bef11d065ac51a5,True,True,cal
6235ccffddb2ac738de54c523c639837,True,False,eq
87df8c5360a1905436e85d374ab9c7ae,True,True,cal
0b591ae9491d94d0f188d146eb4c9b9e,True,True,eq
582d6e3a17badd71bf8f303a4706dd00,True,True,cal
a2d64a074958c3c6d510641ccfb8e3aa,True,True,cal
ac33802786901acc948589e777a90757,True,True,eq
5d3af82e2b8d60f24c0164365a863ff1,False,True,cal
9434186085c02cc0939fa3e598e98670,True,True,cal
c60fd4ca5b89cc9a0249e192d8640ff2,True,True,cal
e7ba32c03db53932826173c1e84512d8,False,True,cal
5fe493147c92c705c0b9d66af14db227,True,True,cal
adbbf3439ee69d44f7d6d06cb0909ba9,False,False,eq
0685b70fed71bc1f6197fc6eee615d2d,True,True,eq
b906b25e4855f1e73a0e780a534be67e,False,True,eq
fc43854ec66e38e0673a8e95d1da215d,True,True,eq
007bbbd4c8da4a18e961f9a35da5e60e,True,True,eq
8dd6f923a0ae99e56a343654a39939f9,False,False,cal
a867fd6633528e6c79f64220ec12397f,False,False,eq
73aaa715c8765151049897a02bbd7350,True,False,eq
7f5b06a111fd975843fc88e360fbb9cc,False,True,eq
2846d9358640b32e66c0e077ed442e54,True,True,cal
465bc8b71cc48daa02d127be42f9d051,True,True,cal
23ed24c8b3bde6658f1f93efb7842594,True,True,cal
9f5c08c1e462e1c88fce8fc9ab46b1d9,True,True,eq
365d0c42f0c3c0097842dc21b14b7486,True,True,cal
7ac07bb119648403e58d7ccc0ba98879,True,True,eq
62e3a685d42d681743cd770eb148bcd4,True,True,cal
a223f9a8ab413a6f7b2642f62365c377,True,False,cal
6fa9868af4cb158db91eb825da1b6ed4,True,True,eq
ab38f0c98d0eb64c6f6d42eed1a1a6d0,True,True,eq
f861eae893a5d2d734075d4bda2e0cbd,False,True,cal
7a4cb66c8697fc03d1c67abdae8a8f8f,False,False,cal
161dfc1aa219223ee00ef5d78e4dbec1,True,True,eq
60ed55ea3b20988bc59f9576830b7795,True,True,cal
a11a670b520ded2004997632c3198e02,True,True,cal
83cceb930defa7d378fa2424d9e62d1b,True,True,eq
55dda511bb5cbd53afba644d49968055,True,False,eq
e744fa438b8444b70a331275fa172415,True,True,cal
fb865ea980f992bdee568764e33ef9dd,True,True,eq
96c950c84731daf42a70588040967deb,True,True,cal
eed3d45be3b89ed66aca0a7446c2756a,True,True,eq
102f0f0e192474e3eafde3314a56abc3,True,True,cal
e98f140fe44bc339966152967620c8b0,True,False,cal
603e60c2b6fd0aff4dee799def02c60d,True,True,cal
695d13a98a58d487fe66e5760e393767,True,True,eq
9eab7861daab391a8686e0b03d0c5c28,True,True,cal
f0e4e515e21fecc71c434b65f599c036,True,True,eq
43044fe579c41f3c87e4531aa9819b0c,False,True,cal
fada8ddd3091c3ec52bb1983684a3a87,True,True,cal
180b3c6f32a8c8d28c6411daf06c7580,False,False,eq
3611d269b311ead9d2805d02b24ac296,True,True,eq
1bc997292374da741f412d1793832941,True,True,eq
7e772bed51ea39eeb91a1f6e75dcaa0e,True,True,eq
7afa623799fc336e9871a3aca8bd3206,True,True,cal
ece39238aa927ab7b20c7057cfbf0165,True,True,eq
8ca28f07b5cae7c11eff9489e438f50e,True,False,cal
f7a81ca9a95c928c2529781582c4e055,True,True,eq
590657d0cc416947e1bef5380815840b,True,True,eq
c3c7101b912b342986c67a88af8d80a6,True,True,cal
647c72c1a3faf465b9829f36be6eb046,True,True,eq
c2535aceb298edde71ff00d0599369ba,True,True,eq
23ac1fe8f265669ab054ce07ecb32b84,False,False,cal
522f449d7f2fc6bc26a6699ef9f48ad3,True,True,cal
8c85cf7935a467a6ee3b4b79b0cec51d,True,True,eq
3a24c05440eca6f4faf2e348709cbcd6,True,True,cal
b16160d0ac219089d6479bd35ef899d4,True,True,eq
2f538b612b2d10104961a832f9d2b2d2,True,True,eq
6f85c4dc31ebd16dc8d78376f10037b3,True,True,cal
cf4ac9c7d5463ef3c5e3da30167f3f04,False,False,eq
598ccf73fecba9a9dae45500ecda05db,True,True,eq
208c304b7cbcc07e3d4776c2a1ec6801,True,True,cal
7aa65d08f7ddf913a0bde0892b0a5a49,True,True,cal
08881d2eea831b01656ab680b9b163f5,False,False,cal
8227ed30c68ed8049e83749258027d40,True,True,eq
b62c2a07e3915926cb5698089263a0c8,True,True,eq
5eec59955e4a07376d709177d3cbc41e,True,True,cal
e36b6e5bb074f2aed46b99340a0b42ea,True,False,eq
a9f2dfc2e955f2dd9c63506958973e1a,True,True,eq
a159a518409499b7b767355b5ab57f6e,True,True,cal
3f0c7abe35c72a8d7c61c4b088bbb5f2,True,True,eq
d36117a43022804193a1d856c4447162,False,False,cal
fb0a8f7bbc0b4be8248fe7cdde1d71a5,True,True,eq
fdd87116ed19ad57367f480a52f9c685,True,True,eq
18475486e4c882cf5f38eb49196649fb,False,False,cal
71b9d4e919a0685d9575db84218f93b9,True,False,eq
63fffccf5c7511023bcabf590fab0043,True,True,eq
d045a3198026748898b3750ce4fe1a4e,False,False,cal
2bf8fc1fc71e2012dd06fcb067c523fc,True,True,eq
3b4aaa07494426cdd6f8a23aba897f2d,True,True,eq
c5b7f8e1550417cdd90b60a86950837a,True,True,eq
489f81e9d68e139a4ccb2875efc7ee3b,True,True,cal
8d60da37d162169f788b823c30243ad9,False,False,eq
a6e5309c59c7dca4881c3e11daf73a96,True,True,eq
6472dc9572a18e3fbd781dc01060548c,True,True,eq
dc90627368a3403eaaa0a822dbd9da20,False,False,cal
d85b6f9c520190cca04fbd2a683f19dc,True,True,eq
dc857b0d24732af45a8f12ae2e9a0608,False,False,cal
2fcf3e5fd42caa50a4d61132dfdcfe33,True,True,cal
f9adbc13c596dd4821f0b1b5d03a047f,True,True,cal
448f3f2c8961607a1f3a1177ad36805c,False,False,eq
432d04366e12b0becfe576faf148bf85,True,True,eq
f2d30775674f6bf41983cbac963ea1e4,False,False,eq
75b02579dac529b7392893dadd861f96,True,True,cal
66ecfcbcecf2ac11cba5f52568128155,False,False,eq
f9eb5ae9ed0d9dba29d611c0d90a9bc5,True,False,cal
708f6c548a40507a4d6a26e96cab222d,True,True,eq
068b3b8ddd213dbf4426e2fe2e7edc79,True,True,cal
b946a68d975311e6b8a9b02508d9e681,True,True,cal
4eb2e0dd020a19817dbabfdeed89d021,True,True,cal
661b2b971a0486bc05e76cdb2d74d50a,True,True,eq
60a951d52b50ba5cc6019896e70c2381,False,False,eq
7b7034bd589329a3989698ca58aa0e48,True,True,eq
94ce09c47e39eeb164217c92f06ce9ab,True,True,eq
2d5dba1333b6e2029f8e68a42a4d6ac9,True,True,cal
a11875cc1d8b5a3cf742d9622c7ef384,True,True,eq
5a44207e6ba35399b2ae45807e1e8400,True,True,eq
f8e45b21a0956b6a86f2756314c017bc,True,True,cal
89c61aa8a5bed9d4356c0b2f49692307,True,True,cal
873b2b281d9cbcf999a9a1415a60f5d4,True,True,cal
163719ef70cfa4b9ad054bbafd3e6aa3,False,True,eq
7a202be3a9ff0a552e7adc27650de614,True,True,cal
89ab6223eeaeb83a7581c0f561edc98e,True,True,eq
af83ea4a5c6910fee34e74ddf29419bf,True,True,eq
6b38049079f524b2f8aec3f69faf39e0,True,True,cal
dadfd6b991ae5dcba5bdece828f79550,True,True,cal
0b971ace02548e008e643a32c1e4b71d,True,True,cal
2e6e720216799dd84d079f2cba682e99,True,True,eq
79cd4d9c4f0786b2af944bc8ac93d978,False,False,eq
7609bd50baeff6168658610b90ee7769,True,True,eq
809cfdec8ef98533a05b58a72c48f336,True,True,cal
b01019d4bd6f1290e71a578158643fee,True,True,cal
f0c31d2641018e0c3c5f072d9da4ede6,True,True,cal
0de8fd48347de118671d1c8f71d1833f,True,True,cal
e53637f10e19560a9678e5199e774686,True,True,cal
ac65dfd87b831c15a798e17deac40a74,True,True,cal
7e73ed148a276af18fb77615b9221565,True,True,eq
17fd9f576f98faf08d4a2255743af789,True,True,cal
d52820bbd43793c9431dd43a1198a103,True,True,cal
8e37f5c5c1ece39be77fea26100b0bc5,True,True,eq
e9c08f863cc5f8c61fc392b1f6b4626e,True,True,eq
a41227b24bcfeb8e0fb7e5e1fc218b19,True,True,cal
8944a5e572895aff1d39f240e585b488,True,True,cal
a8009db9a267f179a2372120c766a047,True,True,eq
93f0a039af898a2f59ea5a7e2d9a552b,False,False,eq
5df9d9b24724737a3125101981c11e69,True,True,cal
3670aa708cf8885ca0225af67453483d,True,True,eq
7ee0aba5276072ea395b423ac8445c6a,True,True,cal
07be65041be6a5a552194cc1c62c774e,False,False,eq
f1da280e4cb18a509faf38b5fee1ed5f,True,True,cal
51f8c345e14c5c0a43b4acb69fd873ac,True,True,cal
04f7067edef28af7ad5ddf0fd9797020,True,True,eq
ed3e1a9c0ef72ef3d5944e11fc401ac9,True,True,eq
37bd5fb1daa614b121dfad40c647fcc6,True,True,cal
a8147e9f785a52a6d8c97a214eb5497b,True,True,eq
f1a1af2afcc97c0f04d39e7f87332a77,True,True,cal
d52df4669de8aea8eb41ce27872c594e,True,True,eq
bb4c07c1536cd0b5c56696ff04f37afb,True,True,cal
16e803355e8bb786cdce25b64b8b91f6,False,True,eq
55d91918e51ff1bf1c62c263c96bb13d,False,False,cal
aac2e530949b3fab0b47fb6e1965a528,False,True,eq
f9b3909fef27bf8b21de53bbce29790c,True,True,cal
d8a9770679f6903624f58cb5e91d4528,True,True,eq
fb0dab51c899998b30583b94301be17a,True,True,eq
eb8ca37236d4f3149f50b74afa6d8566,True,True,cal
390064437dfa0631d450b7a0c65a9735,True,True,eq
86354343477f637ed881ac67622c639b,True,True,cal
742ec58f988c5f29bbd305e612420904,False,True,eq
2f434f45c9ddf6edd550993f9ce7f283,True,True,cal
dbeaca65f929e68b95949b589c486055,True,True,cal
8ddb04edf3aefe09367f6d84e5892f22,False,True,eq
ac390abcb6bd5f95e5ea5b1639b11902,False,True,eq
251dc285b465f44c17419d1d778a8041,True,False,cal
025aa1cbe1e645dcbcb9213cad26670f,True,True,cal
e3793ac556a619cac7fc807311535f3a,True,True,cal
a7a7c69487e4a55759a9f672d81a47f4,False,False,eq
f17a53f877ec9b32a50e528efa05c285,True,False,cal
c8079a6eb627e442018da0a069239de1,True,True,cal
1e7efcb1aad1e474d24f7640a60b8c22,False,True,eq
a0ded83d201601009718f99f53883a16,True,True,cal
80cc62f48c126958a5901b39fd8bf001,True,True,eq
97c94f6598889d2c49fb2673de430380,True,True,cal
a6feda87fefafbd8ac5f0de71db6e37f,False,True,cal
7b0caea1a07d9836615deced61ba47f0,True,True,eq
93c646aaaa6a23ffeb483ac4a0f0d535,True,True,eq
c32ccbcb013b4ba88ba8103116808ef5,True,True,eq
c4844da339ac85f8b9ceac3416517065,False,False,eq
0de2da59f6c75d32b107df623a7a9e14,True,True,eq
7639483ca4e8ac37cbddb233aa78c0a4,True,False,eq
6505f44c54212d4c0659142d2e797192,True,True,cal
1c108343d307b81d8cbd5e0d1ec98ec3,False,False,cal
1a0f070776d3aacd00e8cac6d396a933,True,True,cal
d324d5b2a69f156a8726b51e22272564,True,True,cal
4f63fbc63e3e20cdf877aab9dc3b0022,True,True,cal
8d49aeaed5ae297e64858867d8c2cc85,True,True,cal
1eb9ee4befc92c0a5c65d0fbef1893d9,False,True,eq
9f44cadcce2a5bfd63bf3d52dd3ca974,True,True,cal
1e7ff3d9047145bbcdc76424fd50d541,True,True,cal
c2b0073087188fc0cbc8998428591ae9,True,True,eq
1120a1fb97416dbf83574051d6030bc0,False,False,cal
fdee57fd34919ff25695d10844d28fa8,True,True,cal
1c4400d86ab9c0b0ac77535326dd1e63,True,True,cal
bf8acf0dc345b3e3b829d1152ed4e3ab,True,True,eq
abfda42115bbfdf63ee28a4d782b2246,True,False,eq
c50e4ed030ff1a227504093e393964d9,True,True,eq
d19c41bb2c660fdf1060eaac6f51279a,True,True,cal
f7376ba6e81dcc94c44a74d2a96b9afd,True,True,cal
e5fe76980c8918fa44c7d955fb7d4b32,True,True,cal
a894dcd28b2f5a9c5c7fb90ad6afefdf,True,True,eq
dc67f802cdabf839701f89ba8a161d4f,True,True,eq
ccefb4ebbe62035f5d1b47e9526120d4,False,False,cal
66a8159f86c9f91bd63d77d7d969a019,True,True,eq
85af67a2fa48391c8f813c157e0bd7c9,True,False,eq
eee1a5bc6bd3335bb532ea34fa2cac32,False,True,eq
28078bd39064df323441319c842cc8f8,True,True,eq
72447ced1340f92db262b3529d1df23e,True,True,cal
4124eaf89923c454a37c890759a3ac29,True,True,eq
c190733646af92be200c16d5932645ac,True,True,eq
e8dc290993f3ec8f27a748ded78a588e,True,True,eq
354f91639067b68d5d95ec0e6a885df4,True,True,cal
acb65ec6f5166a58f54ef2380ed67e87,True,True,cal
dc14522dc3ef4860cbbad6f0497bf0f5,True,True,cal
2df39729946a68f84dc8c9aedb43b739,True,True,cal
33d4d4a0193cc53bbd07eedfda9b67e0,True,True,eq
87f1273e791eea638dd9c66d9dd7d3f1,True,True,cal
8984b26f0059740c5b66bdaf55f38f4f,True,True,eq
af142a96e8615c57717d2f8305de88aa,True,True,eq
a9f7c9ec65c006454ed3a16a61cd66f8,True,True,eq
58e5d8b7d7abebf3abc5f11eda9275ee,True,True,cal
e534840e05973f434f45bb6d7ec5cd3a,True,True,cal
ef0f06c191646b373873c0694d8695cf,True,True,eq
8f99a81a5df8e7283a00bfa083cef907,True,True,cal
70f065375e19294ffd00e49fda66a1a8,False,False,cal
1c0cc4a4834762ef97a8d56f77c649bb,False,False,eq
e34ba9d503399e543c567062ac1e9d0c,True,True,eq
914645aedbc84aee29a1da3d6f90cd09,True,True,eq
3f6341444d403bd79dbce9c9fc12d6a2,True,True,eq
dbc8f8b6b9a98c28b9f75a7f9b657305,False,False,cal
4569ccb1fa9993b7f1f3cf215b4f6f56,True,True,cal
64e7ca570db9c7470082354fa18020da,True,True,eq
edfda5e6e5c3493ef016c9c2a192b485,True,True,eq
eebfe6a5723003a5389300a0df91305a,True,True,eq
10ee6b712ad9af44374e4e9bdda12340,True,True,cal
ebd5b370c131faa1445d5530259cdf10,True,True,eq
e6ec41a497354074e045469d019d87cb,True,True,cal
5d1447f5555b297781345780e978f491,True,True,cal
52577bd24c29186fbf5e6f9231af91c4,True,True,eq
0d3492c7f3f2cae583c8f88cb60cf8f5,True,True,eq
f79738d824b75f7ac0ecfaa408f34efc,True,True,eq
dcada317bb39fa5963688bdc3a9e3ccf,True,True,eq
94522f7778cf327e76d46005ba495a4a,True,True,eq
9f908fe4b432676834d1fda3a1fe36c7,True,True,cal
2a46af996cb26fba41b9a90083745497,True,True,eq
f3e8310fb5babfb8ccff1109c0e77be5,True,True,cal
70c7b9f12975d8de953c35ebee1ea692,True,True,cal
48e498e71dd732f833578050d8176036,False,False,eq
1d44049caea8bc561ae5ea3951d28fc9,True,True,eq
2afb3eac9faeaa2e850898d1fdc85b26,True,True,cal
9fe3dec2d3cd1f3d0cdea11de0cbd718,True,True,eq
a971c3b4ae26f2961cb7799c04f03c9a,False,False,cal
82f105ac949345fd86505f6a0731d049,True,True,cal
956047cf48d8beddca013a1408bfb607,True,True,eq
06b65fa487b00e304f873b48805c1d52,True,True,cal
6cf7047b58ef9bfa82e49f3ee862cc2c,False,True,eq
dd7768e56222dea199fc0c823851db6c,True,True,cal
f57213a1a564a61ea85477e419722ecd,True,True,eq
4409973e48826e4a4c8ae22e5843b7c3,True,True,eq
8b6a7b3c16c0a8a6556635a9a0cf1742,True,True,cal
faff44a4fba2d6d515ec4091dd29e6c4,True,True,cal
765d68d3055c9af0fb1982bb85e51f64,True,True,eq
8a7f5272b957dd9b390ac2033ad5e77e,True,True,eq
801e90376fce9181b5609dcacf54fc42,False,False,eq
04c79392553e7d6a29ecbe0c97a7d835,True,True,eq
aca7be9c551e0cab6e996c37706b0ae9,False,False,eq
1327915eee8bfec9bdd71575c2403e15,False,True,cal
b8aa2495ada6d7e708ba46ef6c27ae08,True,True,eq
8f02a21d8018be58ddbcc6e15abd1cf2,True,True,eq
1dc064f2ab5105fe9e4d4019a24d11b6,True,True,eq
2e69f761a2932864ac161c7bdfcd32ae,True,True,cal
c2a7638a3ca45d2c48815556cded4af0,True,True,cal
752a0bbf8e68ce1c8dc6eb9123881634,True,True,cal
a3da62ef9b25295b78f8149352ef2047,True,False,eq
4007c33ae24db7f486f5db89d42bee59,True,True,eq
3d56b88a75d7f3435f6d3c24094ad69d,True,True,eq
f97a27820d29717706e3ff85c0b205fe,True,False,cal
8f1afc89cac8fbcbf736e74ad6efbea1,True,True,eq
4c532c0978136f8873bd8034dea8f378,True,True,eq
fa5a1e27cce1d39e8743b74a2d7bafa3,True,False,eq
44cdba355ebd8b51887838fce5fee219,True,True,cal
400731cfa565a30b16d2b2e6bd27093d,True,True,cal
d80524fc4d3ab08deb679907b86ce2de,True,True,eq
d13bded38c621bbcf729da41399b772c,True,True,cal
44232899d351de80e80ed0c5467408d4,True,True,eq
8277b2dd91ea9b2a6961815557484440,True,True,eq
7e1c8e3f2f00c7a4a8f1662584042fb2,True,True,eq
61ea59909fee479d8bf9bf3b9f811c19,True,True,cal
2f67179f04e294533ae5db79e4c3d9fe,True,True,eq
ae615f45f17778eb5bc26a83f6b9cee2,True,True,cal
8abcda88406bed1b21303bee0450fa5b,True,True,eq
d3861baae3831f2d651b0bcca930c004,True,True,cal
c64986778ad99cdb367d1e72d20b9baf,True,True,eq
b742c5006ba633fc11abe48670aa4485,True,True,eq
fcb11eb3629fb48958fae0547d87cd72,True,True,eq
55f2853b399e59b0c262b96de82c7358,True,True,cal
5d323ca381bffae8e0ce7f22adb8612a,True,True,eq
9f7d264fbb56b97380a406c334374455,True,True,eq
5c1aee6cdc200c049f2cf32af000943a,True,True,cal
114d0d45ef45d119dac71d0aec24efcd,False,False,eq
49de82fd337741a378d7ea65d8b6acdd,True,True,eq
935f306fc56d905cccb53dfb798af871,True,True,cal
3ecb30383be093154214faaf3e019e6b,False,False,eq
7ff740a294278b7cb3565e7dbb031861,True,True,eq
19798dd61dcc4523c7c297842ac6ad18,False,False,cal
d9ac5b0ed7d1f65930b07293f9c1b058,True,True,cal
9350530cbbe15a20fbd2a82a41e7426c,True,True,cal
1b39af2b28952a7b63780898315283e5,True,True,cal
b48ac6a2e8e8216f1a7f9d53d5487df8,True,True,eq
e0b82c6d29bd267edfb33f23c372998a,True,True,cal
8ed1385e32dccc2d2f64f358155673e1,True,True,eq
126ad6a4892f5a2a108c463b250389f6,True,True,cal
660986022813a9ad433e829a5ca8b831,True,True,cal
1ec9a1ac45128906bb3b5366c30e96fd,True,True,cal
3422ae3a7d2a5c3f68f19bf61c31c06f,True,False,cal
eedfa48b32365c94a7add97564f49846,True,True,eq
dcfe9a252293913ef2d3484636d96271,True,True,cal
d564a83aaf0faccdd9b1016c9a4bc288,True,True,cal
7b7a11514babc8d1d62ab521a208bfba,True,True,cal
aea6ff4aabf20bdf184b02553ef8ced0,True,True,eq
db212ad053e725498c1237009aa1dd05,True,True,cal
db40e218a95c6e55b39b46f8afd4b90a,True,True,eq
7ea4d43cb3dff9e8462fb46d99067b95,True,True,cal
a7214036fc765d34dff07f38e1cc11b2,True,True,eq
0b883857b72d093b78df06c99a16e406,True,True,cal
4942d2bb2c96171b734d9038e14408f7,True,True,cal
93ba582f4fb9069d1a21a2d9e1f954ec,True,True,eq
0436add06cd74b9b02557cb8d245ff1c,False,False,eq
32e70eb0720886ce03a67a853695e8a8,True,True,eq
0e17fcac1464f83d9e79bc94b2b53880,True,True,cal
af4935406c2b439d06011a68d94e913e,True,True,eq
4b0ab4bbff8af9784a8adb78d1b65607,True,True,eq
13c48510d8fb666cfc22c0bd053b3e99,True,True,eq
e5a969552af356c61643b6a0f9e4b217,False,False,eq
1ad3df36d357b716c6407c120c6b4257,True,True,eq
6a68a4f3703867cb8f465d2259bed6ec,True,True,eq
f6979da2089146a1d5fde42d888a67c2,True,True,cal
044f327feba92d6ef80d74e524a3c934,False,True,eq
862f63307aaaa50bd737a24fd021da33,True,True,eq
40fc2a0a8e9adca74eccdd81fa1c0bfe,True,False,eq
e4e5a3352cfad5ae5c1f6a0306b1cb3b,True,True,eq
cd323653b4ec286348dbd5aed32000c7,True,False,cal
1a68e51b3fd6e360ff01ec8cd2190a5c,False,False,eq
6277acd5682981a56bf22f302765eaef,True,True,eq
546f72d7446f82da67dbf7534de8fa0b,True,True,cal
38223167b8cb6c9040418345113264e6,True,True,cal
0f154764cd125b7140da80eba444e5b8,True,True,eq
45011365ab4834129bf6940a773932c1,False,False,eq
161c96b1b1e140920d5b143378fd4b57,True,True,eq
2a1d236fbf71accf8286df268f30dee3,True,True,cal
af180999d3a2a07fc7057f9165aa3bff,True,False,cal
d98ccf0a63e3dfd406ce5a7dbf08c0a8,True,True,eq
89bdb310bbd576fa90a9794218aeb612,True,True,eq
32bfd7b7b0e94a69f979363786c79c06,True,True,cal
cb1bee58eb6c43fe23fd2f646bb5c048,True,True,eq
b25e3a5fc0ce3d38d9f818cf4c549310,True,True,eq
8a1eaa4bc003761b34d51f495ba85e9a,False,False,eq
5e0233961b9a531f216aad1f0602ffae,True,True,cal
3d42fe19bcaef3fc9ad5e7d490b6602c,True,False,eq
e58bd7620d97bd8d6a9dce454c7bee0d,True,True,eq
8e5a7f4c69df63f47523aa9786f6feb0,True,True,cal
eb18cacd441c4167570df76bc76ed38f,True,True,eq
07d75a57c2daf3c317bca79912263365,True,True,cal
aac6349ca794b77a710de6e8ab85320c,True,True,cal
ca9c4366cf2b5e4e0c0f1af5313c7fb2,True,False,eq
a5debbe72e78315bb6e661005db9fca6,True,True,eq
e392854984b539516e637da6c4ea22a2,True,True,cal
e44c3dcc2528b811d36a995854874429,True,True,cal
95772962515b96f9627b849b0882a4f3,True,True,eq
a325208eca5b12abc427311aa69a880f,True,True,cal
64537fbb3cddcbe95354854b9c4541d0,True,True,eq
80f46b99f9c6767b447f73d6cdc67cca,True,False,cal
d7f1bee39d1d57258b0996e98bd61680,True,True,cal
300ceb40104a4597917a9ee80e1fd2f3,True,True,cal
80f0cfaaacc92367d004ca29ca702fd1,False,True,eq
64d9ec3365bd7e1a31d3bfc88ed65f07,True,True,cal
f9c760d035c28775ebfe82653c3a4d0d,True,True,cal
c43c69e35a55660e44595b634d79c456,True,True,eq
00a7b93f86f43f7b44410e52e685b736,True,True,cal
5a7bc2887a51afe064484c03dc6ceb48,True,True,eq
15192bca3859a017155811a6b2bd9199,True,True,cal
a6053671bbbfbc6e917765dcfeea0dc2,True,True,cal
0e25997ed3b2b538f98f9677eb34ea99,True,True,cal
5d41a56ef1abcbee2113fee84a7bef4f,True,True,eq
850dee2e89c69f4c13b67d8fe7cbcf61,True,True,cal
68accb35fa5ec0170a33b3702cdabc07,True,True,cal
319ad713671941a60f79a8b4f493de3b,False,True,cal
5898f23783679a138e7b712023a59136,True,True,eq
330a6d41c2f635a96630ea2a71bdc054,True,True,cal
3494b5b222bcf0302378d29ef3442e5a,True,True,cal
06eab881d8b6895abce653e92dde25c2,False,False,cal
454f2c5739931d4282fcdf5f53e6bd83,True,False,cal
e1855c7e853b61577bd7daaebe6b0541,True,True,cal
1b53d49a08d0606d426825e7ab5b0b9a,True,True,eq
6ef3aac93b4a79ec2b0eb6ba7b0234a9,True,True,eq
8670766f1c119e0aa07027edf4c2bf99,True,True,eq
fa23f6fc6fc9732c0adb6e65f149eef6,True,False,eq
9f95c9064a9098be1cd0f6805d3a7ec2,True,True,cal
47e0cef2297e8f08e13f1b2e1fa2df3e,False,False,cal
d7394d8cc86bc916ee466aae18f1565f,True,True,cal
a16a99cd2b8e34c07fdb275ef33416d6,True,True,cal
11a707af7d6886d9fc8736ec45360c63,True,True,eq
fec2ea36f765c19865b1c521605b83e8,True,True,eq
cd8c3e49ad8d554e3dd72646a3e380fa,True,True,eq
ee0028669589d96041201942939384f6,True,True,cal
f0408694f7768ca4d7c888e2779feb21,False,True,eq
d9942e54b6a6f32f997f9ef0bb41ac24,True,True,cal
1120e1762ef920e7172b2760bddbddb7,True,True,eq
b17331da0e058fe9115741c35e6e94a2,True,True,eq
b0d4cbe56bcd92f0665514dcb8ee5d83,True,True,eq
b7f2f54b1e76ac9bb4111519c55cbee9,True,True,eq
3d223ea3f64688fe5e8b4e918cc66837,True,True,cal
47f691127877ece12bddc158bcc001fa,True,True,eq
5b363abd152743d85a7e8d502069a8a6,True,True,cal
00ed464ac2613f1407b11774ab0ded71,True,True,cal
5b49fac0fb0f4acc12263be5aafdf8ba,True,True,cal
a9702f0c8259157e34122c944f0927c0,True,True,eq
7736803f56dc00d7086d9c4941af80a3,True,True,eq
aee90b4f9533faba737c025a1f1802ee,False,True,eq
07d5e8fb0c984b4371e96958bc1ad1b8,True,True,eq
54ce34b64c02c9bb3389c01e2f558ab0,False,True,cal
c72c5f8242a97f92345d87c624b7179d,False,False,eq
280c0ab4aea715c808c929468e22435c,True,True,cal
4077a8616fbfad7b578655e071bb0ce3,True,True,cal
9c822a37acfb0b6f8fa91bb5a7177e5c,True,False,cal
5b1b4fb0d26b050eeb895eca4e74005d,False,True,cal
ff099db289d2580262461f18d422abe4,True,True,eq
4e5e9c9592d409883707cd71503f0aba,True,True,eq
18dd35b1d523dd820780074c8e924073,True,True,eq
8a8f84d9202c8cd7bb316a6b57db7b31,True,True,cal
4bc9ca24091452ceaf1771a2383e4d02,True,True,cal
e3a1e4c961034c25b932459d353ce8c7,True,True,eq
38f8e11408f4174cfa4efda2147c8037,True,True,eq
8e236c081d3e89490e6b1ff90c675443,True,True,eq
e27ffcc96208d0ece0f90e9fee703cd7,True,True,cal
2398c54179fa6390a281c16f31a2c31f,True,True,eq
4a6fb086326da86fcaab21c036464045,True,True,cal
fe1993fe25d8a91331d16a68459b244f,True,True,cal
c11656c9ae85736c59927a31e65b31dc,True,True,cal
18299602246b8d640bb5e13e54d3ac4d,True,True,eq
4d059c15a060704edfed83fb963a5c7a,True,True,eq
eb6d870c871c9823d4d8f8fbad36ccdd,True,True,eq
83f631d764f652dfa53a784e0c279de4,True,True,eq
5aec732355a9508c2eb7e9e7dcbbb04b,True,True,eq
398e443e3b9b6fa8cf859e3f1a117bd0,True,True,eq
6373e7b635a10c1cb50a16449de3f3ad,True,True,eq
e704b074f0fc60c35a01be825403cb0e,True,True,eq
e7ebb34032dd895a90eafea9b2a65677,False,True,eq
02233e8b20a445a7ac20445387152c76,True,False,eq
40aedaf082057fafb22abf93346cf417,True,True,cal
5dbe06d3fe2a36de8624f3e4967fdcb9,True,True,cal
82d04a0d249b137e6a489115cbd6691f,True,True,cal
121c2c6e6083fe83c47bbeed0880097d,True,True,cal
c9c032c6cf348c3da4b2ab24d4748b38,False,True,eq
4818065f634cbe8d570c52654caeeedc,False,False,eq
bece859411fc1be815e7a5b74838013b,True,True,cal
64ff2e8445eb021c156b1613e10d1472,True,True,cal
c64c29386bcdb0e1706e81a51b3c51d9,False,False,eq
adaf9363a97e74ff1914d466e15e126d,True,True,eq
bf676cad883b810f33465c689fc5828d,True,True,eq
ce40a8682ae89ec125915d4d9a0ca5db,True,True,eq
035b0fbd8f8d22f326c6934785d9d011,True,True,cal
16066b4a0b250fe8cb7fb55d42b37440,False,False,eq
a23e7510c3083d6b08c4ef1d4240e02e,True,True,eq
81a51da97bdfca092f1b4b3694fdf068,True,False,eq
06b6e2391cc20e9c6c89e7c4149fdd32,True,True,cal
be6ed8ea211a041b2bb2a80312eb30c4,True,True,eq
9d1fd218b67c0031f6b3390dd0cd2048,True,True,eq
62871d1d5da0cbe23c11bb11ff1eba05,True,True,eq
91de7fbe9228003a46b8e8180415567b,True,True,cal
3737859ee068d02945d64178d58f52ed,True,True,eq
fa48e32d899cbd8134b4c44c1a9a8537,True,True,cal
cdac8cedd48be5f5b428ce1c0859b628,True,True,eq
b5bc711523f72dd3d2c0fc748ecade1c,True,True,eq
eaf1db0dc0634103b3761105de416db2,False,False,eq
9583569f1a3a3fbea0cbeb04aa64f2fb,True,True,eq
b23f1363282bfdce24192cbb110bd31a,True,True,cal
11ed480a9ba09cdcf42c8ffb45d12fb1,True,True,eq
251467e50fd09200ebcaf94ae3dfa483,True,True,cal
f7bab6a177e8d333d5077d3e9c14ebfd,True,True,cal
965849b91030872be2e53562cf766f13,True,True,cal
693bdc0f9657b027c36312042d635ede,False,False,eq
9dcafb6e66e2ded694b95a4fde50158d,False,False,cal
6da7932c4628490a255cb3aa1bfa0f9e,True,True,cal
697d3e087e47b67d87d7d3e78a1e31e0,True,True,eq
0955a84245ff16c4d54274d69ebcd1bf,True,True,cal
d99de2492c5cf4d2ba4844805b72c51e,True,True,eq
c8b2e17484a65062276fcff615c56949,True,True,eq
ff1155523d8ad10ef6d61fc6651bb8bb,True,True,cal
aa1169d59b9615f45d530c331a55f9b5,True,True,cal
c96fbacf399cf8f46d1b0effd2a5e251,False,True,eq
d3af6086a6a83a0bdd7110986d520afa,True,True,eq
87c0c7762394066ad7c5cba23587d81e,True,True,eq
88433dfc413e6b40afa5bc059e0928f7,True,True,eq
4566e936177db4302ad826de00b7c83d,True,True,cal
e07af041df99ba3a33b52a02b26ebbb5,True,True,cal
49ce5bf3c43d93101c70de96093d3c66,True,True,cal
937e4e037c5e10f8159a976deb3d5949,False,False,eq
15d69373b451ba9f9136d95f54250aec,True,True,eq
bb59a7755ef5cc87af3fe017fa34d254,True,True,cal
9c4ee808f76088a96a70b4f6cfa876c8,True,True,eq
f931e637824c811907e748d7b171e0e2,True,True,cal
7d22f0fa7eec91260869d3f66e204acc,False,True,eq
530f7e73854dfe5b81d4ed7b4167202a,True,True,cal
cb22c3705fd6e529202d365fedef7f7c,True,True,eq
38b9d38e7888dcb3fb2d64a53a02cd3c,False,False,cal
492691332dfe3c6ce03c04940d6b3345,True,True,cal
4cb21fee4a029dbc1c96a878f63d8092,True,True,eq
3c5fbfa119178fff0419c148174c109a,True,True,eq
dc69e49b4537c1ce88f4d376a115a8aa,True,True,cal
e79a11f11acb791bbbb8bcde5eb5e0b8,True,True,cal
a38f1c57f82249563045feac61abfe73,True,True,eq
a5aacc3a0910439aae5f822c7d36c0c6,True,True,eq
a5bea516ba5acb9b4f029a5c8dce399e,True,True,cal
f64fa397f7e85697ee3e4ba34fcde7f2,True,True,cal
17727a5be717444391e2f227cdef561d,True,True,cal
c44b75f91a2308c6ab87ed63787cdc0b,False,True,eq
bec9d07cdec53e0fbd05eee2579c1545,True,True,cal
675a7e50bf0eeccdf6c6814ff6fa2f90,True,True,cal
7b218dd13836b25715044ee470f921e9,True,True,cal
8e7a5eb3bccd980ce23fc320af646251,True,True,cal
e7cf19856fdd776aa8b1b185a8acd993,True,True,cal
2e48129fd4f92416082f565bc0ea7c1b,True,True,eq
a3fa79734e230d3f977a6deac2444603,False,True,cal
db0e1f7a176c3bd32c8b1ae00bd7879f,True,True,eq
87f8b9ac0a94bee8c9b48dc6c450ce43,True,True,cal
2b7a3eb47510d6cb6581d806b605438c,True,True,eq
ec7de5140188e4c50fb83ca3dd77464c,True,True,eq
3105d175f17bcc522a996196af04754a,False,True,eq
be03ad357b9ada5c45bd22021d01a58d,True,True,eq
459038c4f0a30e5448c658741ad88516,True,True,eq
1a216166036e58cf3abc5ad7b7a7b3ea,True,True,eq
b10d54ee7901e36b41768ec79abeedd6,True,True,eq
8a0444b8dc22e53cc06113fff8202903,True,True,eq
dc72d2f31bf8b34d16c9afbc211386b5,True,True,eq
5e625d34cd67edef6aec7a6706643333,True,True,cal
48ae924184579bf6eb156cee71a16f56,True,True,cal